id;state;local_govt;latitude;longitude;address
1;models CFP Franc Human;Quality;76591;11851;hacking Home Loan Account secured line
2;networks experiences Sports;withdrawal;68374;99207;South Dakota JSON
3;supply-chains Corporate;Mandatory Berkshire;3154;49465;didactic Savings Account Producer
4;Chair;bypass Developer;17893;4525;Table Tuna
5;generate Berkshire invoice;Hat generating;66700;31357;Incredible capacitor Grove
6;hacking;interactive;88780;77423;Skyway orchid
7;Leone Toys Home;Aruban Guilder;83004;76577;National National Avon
8;Orchestrator calculating;Shoes;79114;86451;Rustic Cotton Shoes systemic alarm
9;Cayman Islands Dollar;Bacon withdrawal;27304;73183;override National optical
10;Awesome Fresh Chips invoice Accounts;blue motivating;83071;60843;Administrator Luxembourg deposit
